season,weathersit,cnt
1,1,2811.135135135135
1,2,2357.1666666666665
1,3,934.75
2,1,5548.548672566371
2,2,4236.705882352941
2,3,1169.0
3,1,5878.257352941177
3,2,5222.479166666667
3,3,2751.75
4,1,5043.563106796117
4,2,4654.0
4,3,1961.6
